Count,Tradelist Count,Name,Edition,Card Number,Condition,Language,Foil,Signed,Artist Proof,Altered Art,Misprint,Promo,Textless,My Price
2,0,Vendilion Clique,Modern Masters 2015 Edition,67,,English,,signed,,,,,,
1,0,Sphinx-Bone Wand,Rise of the Eldrazi,225,,English,,signed,proof,,,,,
3,0,Foulmire Knight // Profane Insight,Throne of Eldraine,286,,English,,,,,,,,
1,0,Silverflame Squire // On Alert,Throne of Eldraine,279,,English,foil,,,,,,,
1,0,Flaxen Intruder // Welcome Home,Throne of Eldraine,297,,English,,,,,,,,
1,0,Hypnotic Sprite // Mesmeric Glare,Throne of Eldraine,283,,English,,,,,,,,
1,0,Beanstalk Giant // Fertile Footsteps,Throne of Eldraine,295,,English,,,,,,,,
1,0,Merchant of the Vale // Haggle,Throne of Eldraine,293,,English,,,,,,,,
1,0,Realm-Cloaked Giant // Cast Off,Throne of Eldraine,277,,English,,,,,,,,
1,0,Fae of Wishes // Granted,Throne of Eldraine,282,,English,,,,,,,,
1,0,Animating Faerie // Bring to Life,Throne of Eldraine,280,,English,,,,,,,,
1,0,Hypnotic Sprite // Mesmeric Glare,Throne of Eldraine,283,,English,,,,,,,,
1,0,Shepherd of the Flock // Usher to Safety,Throne of Eldraine,278,,English,,,,,,,,
1,0,Giant Killer // Chop Down,Throne of Eldraine,275,,English,,,,,,,,
